"temp","field","Vx1","Vy1","freq1","theta1","Vx2","Vy2","freq2","theta2"
300.000244140625,0.24483762681484222,,,,,,,,
300.000244140625,0.29380515217781067,,,,,,,,
300.00103759765625,0.25707951188087463,,,,,,,,
300.000244140625,0.26932138204574585,,,,,,,,
300.00006103515625,0.28156328201293945,,,,,,,,