"temp","field","Vx1","Vy1","freq1","theta1","Vx2","Vy2","freq2","theta2"
2.322526454925537,-0.29380515217781067,-2.8373509053e-7,6.9423315097e-8,17.7778,-175.71661377,,,,
2.319711208343506,-0.3060470521450043,-2.862849442e-7,-5.8887167143e-7,17.7778,-122.7464447,,,,
2.3168752193450928,-0.24483762681484222,-0.0000012133895098,-2.0655723176e-7,17.7778,-168.84632874,,,,
2.314246892929077,-0.29380515217781067,-8.7239641289e-8,7.6793901371e-7,17.7778,93.821243286,,,,
2.311598062515259,-0.29380515217781067,-1.1655072996e-7,7.2339349799e-7,17.7778,117.527771,,,,