"temp","field","Vx1","Vy1","freq1","theta1","Vx2","Vy2","freq2","theta2"
300.0006408691406,0.3427726924419403,,,,,,,,
300.00103759765625,0.3305308222770691,,,,,,,,
300.0006408691406,0.3182889223098755,,,,,,,,
300.0006408691406,0.3182889223098755,,,,,,,,
300.00103759765625,0.29380515217781067,,,,,,,,